title,authors,id,source,date,url,abstract
Loss of Solute Carrier Family 7 Member 2 Exacerbates Inflammation-Associated Colon Tumorigenesis,Lori A. Coburn; Kshipra Singh; Mohammad Asim; Daniel P. Barry; Margaret M. Allaman; Nicole T. Al-Gre...,Matched: Loss of Slc7a2 leads a shift toward a M2 macrophage activation pattern,cat /papers/PMC6377304/content.lines --lines 29,2018-09-10,https://www.ncbi.nlm.nih.gov/pmc/articles/PMC6377304/,Loss of SLC7A2 in colon epithelial cells was studied in a colitis-associated cancer model. Its absence significantly increased tumor development and promoted pro-tumorigenic inflammation.
FOCIS abstract supplement,Gail Bast,PMC7128890,PMC,2005-04-19,https://www.ncbi.nlm.nih.gov/pmc/articles/PMC7128890/,
Species-Specific Transcriptional Regulation of Genes Involved in Nitric Oxide Production and Arginine Metabolism in Macrophages,Rachel Young; Stephen J. Bush; Lucas Lefevre; Mary E. B. McCulloch; Zofia M. Lisowski; Charity Muriu...,Matched: RNA-seq analysis of genes involved in arginine metabolism,cat /papers/PMC6245571/content.lines --lines 33-34,2018-11-05,https://doi.org/10.4049/immunohorizons.1700073,"This study analyzed gene expression related to nitric oxide production in macrophages from various species. Macrophage responses to LPS stimulation, including NOS2 induction, are not conserved across species and may be influenced by retrotransposon insertions."
The L-Arginine Transporter Solute Carrier Family 7 Member 2 Mediates the Immunopathogenesis of Attaching and Effacing Bacteria,Kshipra Singh; Nicole T. Al-Greene; Thomas G. Verriere; Lori A. Coburn; Mohammad Asim; Daniel P. Bar...,Matched: Discussion,cat /papers/PMC5081186/content.lines --lines 57-59,2016-10-26,https://www.ncbi.nlm.nih.gov/pmc/articles/PMC5081186/,"The L-arginine transporter SLC7A2 was studied in mice infected with attaching and effacing bacteria. SLC7A2 mediates bacterial attachment and immune responses, contributing to colitis severity."
Solute Carrier Family 37 Member 2 (SLC37A2) Negatively Regulates Murine Macrophage Inflammation by Controlling Glycolysis,Zhan Wang; Qingxia Zhao; Yan Nie; Yi Yu; Biswapriya B. Misra; Manal Zabalawi; Jeff W. Chou; Chia-Chi...,Matched: Deletion of SLC37A2 Promotes Macrophage Pro-Inflammatory Activation,cat /papers/PMC7232099/content.lines --lines 21-22,2020-05-04,https://www.ncbi.nlm.nih.gov/pmc/articles/PMC7232099/,This study investigated the role of SLC37A2 in murine macrophage inflammation. SLC37A2 dampens inflammation by down-regulating glycolysis and cytokine production in macrophages.
The NF-κB-SLC7A11 axis regulates ferroptosis sensitivity in inflammatory macrophages,Mengjie Yang; Xiaowei Chen; Xiran Hu; Hexiang Li; Hao Huang; Yingzhe Fang; Jue Jiang; Hudan Liu; Yua...,Matched: Slc7a11 knockout triggers ferroptosis in M1 macrophages,cat /papers/PMC12268560/content.lines --lines 28-29,2025-06-11,https://www.ncbi.nlm.nih.gov/pmc/articles/PMC12268560/,"This study investigated the mechanisms behind M1 macrophage ferroptosis resistance. It found that the NF-κB-SLC7A11 pathway increases cystine uptake and glutathione synthesis, making M1 macrophages resistant to ferroptosis."
Exosomal miR-148a-3p from LPS-Activated Macrophages Promotes M1 Polarization and Ferroptosis-Related Characteristics of Recipient Macrophages by Reducing SLC7A11,Jun Liang; Yingli Cai; Yiming Shao,Matched: LPS Induces M1 Polarization and Inflammatory Response in RAW264.7 Macr,cat /papers/PMC13199726/content.lines --lines 100-101,2026-05-20,https://doi.org/10.2147/IDR.S590998,"Gram-negative bacterial infection is a major cause of severe inflammatory disorders and cellular damage, with lipopolysaccharide (LPS) as a key pathogenic trigger. Macrophages are central players in L"
Slc7a11‐Mediated Cystine/Glutamate Antiport Reprograms Macrophage Polarization and Ameliorates Atherosclerosis,Shuaishuai Zhou; Yongting Luo; Junjie Luo; Siyue Li; Baixue Liu; Wen Shao; Jin Tao; Jingyi Qi; Chang...,Matched: Slc7a11 Overexpression in Macrophages Inhibits M1 Polarization and Pro,cat /papers/PMC12950507/content.lines --lines 25-26,2026-03-01,https://www.ncbi.nlm.nih.gov/pmc/articles/PMC12950507/,"Atherosclerotic cardiovascular diseases (ASCVDs) remain the primary cause of morbidity and mortality. Macrophages are involved in the progression and regression of atherosclerosis, and macrophage amin"
The orientation of choroidal macrophage polarization significantly influences the development of myopia in murine models,"Jing Hou, Shin-ichi Ikeda, Kiwako Mori, Heonuk Jeong, Hidemasa Torii, Kazuno Negishi, Kazuo Tsubota ...",Matched: LPS treatment,cat /papers/bio_b06931d16f63/content.lines --lines 60,2023-06-12,,Choroidal macrophages were studied for their role in myopia development. Their polarization towards M1 or M2 phenotypes significantly influences choroidal thickness and myopia progression.
Induction of unique macrophage subset by simultaneous stimulation with LPS and IL-4,Kei Ishida; Takahiro Nagatake; Azusa Saika; Soichiro Kawai; Eri Node; Koji Hosomi; Jun Kunisawa,Matched: Photographs of each macrophage,cat /papers/PMC10167635/content.lines --lines 39,2023-04-21,https://doi.org/10.3389/fimmu.2023.1111729,"This study analyzed macrophages induced by simultaneous LPS and IL-4 stimulation. These macrophages exhibited unique properties, blending M1 and M2 characteristics with distinct energy metabolism."
Macrophage Polarization: Different Gene Signatures in M1(LPS+) vs. Classically and M2(LPS–) vs. Alternatively Activated Macrophages,Marco Orecchioni; Yanal Ghosheh; Akula Bala Pramod; Klaus Ley,Matched: Introduction,cat /papers/PMC6543837/content.lines --lines 14-15,2019-05-24,https://doi.org/10.3389/fimmu.2019.01084,This study compared gene expression in *in vivo* M1/M2 macrophages with *in vitro* classically/alternatively activated macrophages. The findings indicate that *in vivo* M1/M2 polarization is not equivalent to *in vitro* activation states.
Sulfur metabolic response in macrophage limits excessive inflammatory response by creating a negative feedback loop,Haruna Takeda; Shohei Murakami; Zun Liu; Tomohiro Sawa; Masatomo Takahashi; Yoshihiro Izumi; Takeshi...,Matched: LPS treatment of macrophages,cat /papers/PMC10412850/content.lines --lines 26,2023-07-29,https://www.ncbi.nlm.nih.gov/pmc/articles/PMC10412850/,This study investigated sulfur metabolism in macrophages during inflammation. Increased cysteine uptake and supersulfide production by macrophages limit excessive inflammatory responses through a negative feedback loop.
Frontline Science: LPS‐inducible SLC30A1 drives human macrophage‐mediated zinc toxicity against intracellular Escherichia coli,Claudia J. Stocks; Jessica B. von Pein; James E.B. Curson; James Rae; Minh‐Duy Phan; Darren Foo; Nil...,Matched: Zinc transporter SLC30A1 is constitutively expressed and further upreg,cat /papers/PMC7891337/content.lines --lines 41-42,2020-05-22,https://www.ncbi.nlm.nih.gov/pmc/articles/PMC7891337/,"LPS stimulation upregulates SLC30A1 in human macrophages, driving zinc toxicity against intracellular *E. coli*. Ectopic SLC30A1 expression is sufficient to induce this antimicrobial pathway."
Hematopoietic Cell-Specific SLC37A2 Deficiency Accelerates Atherosclerosis in LDL Receptor-Deficient Mice,Qingxia Zhao; Zhan Wang; Allison K. Meyers; Jennifer Madenspacher; Manal Zabalawi; Qianyi Zhang; Ele...,Matched: Introduction,cat /papers/PMC8702732/content.lines --lines 15-16,2021-12-10,https://www.ncbi.nlm.nih.gov/pmc/articles/PMC8702732/,Hematopoietic cell-specific SLC37A2 deficiency was studied in LDL receptor-deficient mice on a Western diet. This deficiency accelerated atherosclerosis by impairing anti-inflammatory macrophage responses and IL-10 production.
Comparative Study of The Effect of LPS on The Function of BALB/c and C57BL/6 Peritoneal Macrophages,Sara Soudi; Ahmad Zavaran-Hosseini; Zuhair Muhammad Hassan; Masoud Soleimani; Fatemeh Jamshidi Adega...,Matched: Discussion,cat /papers/PMC3660024/content.lines --lines 61-62,2013-05-05,,Peritoneal macrophages from BALB/c and C57BL/6 mice were stimulated with LPS to compare their responses. Different mouse strains exhibit distinct cytokine profiles and functional activities when exposed to LPS.
Transcriptional profiling of the LPS induced NF-κB response in macrophages,Omar Sharif; Viacheslav N Bolshakov; Stephanie Raines; Peter Newham; Neil D Perkins,Matched: Analysis of LPS-induced gene expression in the THP-1 macrophage cell l,cat /papers/PMC1781469/content.lines --lines 26,2007-01-12,https://doi.org/10.1186/1471-2172-8-1,"This study profiled gene expression in macrophages after LPS exposure. LPS induced a dynamic, time-dependent transcriptional response, with THP-1 cells closely mimicking primary macrophages."
Motif prediction to distinguish LPS-stimulated pro-inflammatory vs. antibacterial macrophage genes,Rahul K Kollipara; Narayanan B Perumal,Matched: Classification of antibacterial and pro-inflammatory macrophage genes,cat /papers/PMC2949756/content.lines --lines 18-20,2010-09-21,https://doi.org/10.1186/1745-7580-6-5,"This study analyzed gene expression patterns in LPS-stimulated macrophages to identify pro-inflammatory and antibacterial genes. It found distinct transcription factor binding site motifs associated with each gene set, helping to distinguish their regulatory mechanisms."
Lipopolysaccharide preconditioning augments the antibacterial activity of renal macrophages and ameliorates acute kidney injury caused by Staphylococcus aureus bacteremia in mice,Keiko Tanoue; Manabu Kinoshita; Bradley M Kearney; Seigo Ito; Hiroyasu Goto; Aoi Yamashiro; Tsugumi ...,Matched: Renal protection by LPS preconditioning,cat /papers/PMC12035103/content.lines --lines 22,2025-04-17,https://doi.org/10.1177/17534259251335770,"Lipopolysaccharide preconditioning was studied for its effects on renal macrophages and acute kidney injury in mice infected with *Staphylococcus aureus*. Preconditioning enhanced renal macrophage antibacterial activity, reducing bacterial growth and ameliorating kidney injury."
Species-Specificity of Transcriptional Regulation and the Response to Lipopolysaccharide in Mammalian Macrophages,Stephen J. Bush; Mary E. B. McCulloch; Zofia M. Lisowski; Charity Muriuki; Emily L. Clark; Rachel Yo...,Matched: Metabolic Regulation in Sheep Macrophages,cat /papers/PMC7386301/content.lines --lines 39-40,2020-07-21,https://doi.org/10.3389/fcell.2020.00661,"This study analyzed the transcriptional response of sheep macrophages to lipopolysaccharide (LPS) and compared it to other mammalian species. A conserved transcriptional network was found, but large animals and rodents differed in their metabolic responses to LPS."
Hematopoietic-SLC37A2 deficiency accelerates atherosclerosis in LDL receptor-deficient mice,"Qingxia Zhao, Zhan Wang, Allison K. Meyers, Jennifer Madenspacher, Manal Zabalawi, Elena Boudyguina,...",Matched: Introduction,cat /papers/bio_4372973f6c5f/content.lines --lines 18-19,2021-08-06,,Hematopoietic-specific SLC37A2 deficiency was studied in LDL receptor-deficient mice on a Western diet. This deficiency accelerated atherosclerosis by impairing anti-inflammatory macrophage responses and IL-10 production.
Targeting SLC22A5 fosters mitophagy inhibition-mediated macrophage immunity against septic acute kidney injury upon CD47-SIRPα axis blockade,Yu Jia; Jun-Hua Li; Bang-Chuan Hu; Xia Huang; Xi Yang; Yan-Yan Liu; Juan-Juan Cai; Xue Yang; Jun-Mei...,Matched: Blockade of CD47-SIRPα signalling inhibits mitophagy of efferocytotic,cat /papers/PMC10998134/content.lines --lines 87-88,2024-02-22,https://www.ncbi.nlm.nih.gov/pmc/articles/PMC10998134/,"This study investigated the role of CD47-SIRPα signaling in septic acute kidney injury. Blocking this axis and targeting SLC22A5 inhibits macrophage mitophagy, improving immune response and survival in septic AKI."
LPS combined with CD47mAb enhances the anti‑osteosarcoma ability of macrophages,Peng Yuan; Yukang Que; Yulei Liu; Peng He; Zehao Guo; Yong Hu,Matched: Effect of LPS and CD47mAb on macrophage activation,cat /papers/PMC10091190/content.lines --lines 52,2023-03-28,https://doi.org/10.3892/ol.2023.13777,"This study investigated the combined effect of LPS and CD47mAb on macrophage anti-osteosarcoma activity. The combination significantly enhanced macrophage phagocytosis, suppressed tumor growth and migration, and promoted apoptosis."
Progranulin inhibits LPS-induced macrophage M1 polarization via NF-кB and MAPK pathways,Lianlian Liu; Hongmei Guo; Aimei Song; Jiahui Huang; Yu Zhang; Shanshan Jin; Shutong Li; Liguo Zhang...,Matched: Effect of LPS on macrophage M1 polarization and PGRN expression,cat /papers/PMC7275413/content.lines --lines 25-26,2020-06-05,https://doi.org/10.1186/s12865-020-00355-y,Progranulin was studied for its effect on LPS-induced macrophage M1 polarization. Progranulin inhibits M1 polarization by suppressing NF-κB and MAPK pathways.
Role of SLC7A5 in Metabolic Reprogramming of Human Monocyte/Macrophage Immune Responses,Bo Ruem Yoon; Yoon-Jeong Oh; Seong Wook Kang; Eun Bong Lee; Won-Woo Lee,Matched: Elevated SLC7A5 Expression in Activated Human Monocytes and Macrophage,cat /papers/PMC5788887/content.lines --lines 66-67,2018-01-25,https://www.ncbi.nlm.nih.gov/pmc/articles/PMC5788887/,"This study investigated the role of SLC7A5 in human monocyte/macrophage immune responses. SLC7A5-mediated leucine uptake drives pro-inflammatory cytokine production through mTORC1-induced glycolysis, and its elevated expression in rheumatoid arthritis patients correlates with disease severity."
Age-associated metabolic dysregulation in bone marrow-derived macrophages stimulated with lipopolysaccharide,Fan Fei; Keith M. Lee; Brian E. McCarry; Dawn M. E. Bowdish,Matched: Age-associated changes in arginine metabolism,cat /papers/PMC4778050/content.lines --lines 26-27,2016-03-04,https://doi.org/10.1038/srep22637,"Bone marrow-derived macrophages from old mice showed dysregulated metabolic profiles and hyporesponsiveness to LPS stimulation compared to young mice. This metabolic dysregulation, particularly in key regulatory metabolites, may contribute to age-associated inflammatory response deficits."
